isco_08,n_soc,aioe_mean,aioe_median,aioe_min,aioe_max,aioe_sd,aioe_range,n_partial,soc_codes
1112,3,0.9799637666666667,1.030768,0.5748773,1.334246,0.38222507535268185,0.7593687,3,11-1011|11-1021|11-9161
1113,1,1.334246,1.334246,1.334246,1.334246,0.0,0.0,1,11-1011
1114,3,0.9444178333333334,0.9646872,0.5748773,1.293689,0.3598342680082365,0.7188117,3,11-1021|11-2031|11-9199
1120,2,0.95456165,0.95456165,0.5748773,1.334246,0.536954757190813,0.7593687,2,11-1011|11-1021
1211,1,1.446232,1.446232,1.446232,1.446232,0.0,0.0,0,11-3031
1212,3,1.301025,1.298235,1.284423,1.320417,0.018158471411437623,0.03599399999999986,3,11-3111|11-3121|11-3131
1213,1,0.9646872,0.9646872,0.9646872,0.9646872,0.0,0.0,0,11-9199
1219,6,0.93615125,0.89403145,0.3719018,1.423426,0.3835942879209843,1.0515242,6,11-2031|11-3011|11-3061|11-9061|11-9131|11-9199
1221,2,1.290656,1.290656,1.26628,1.315032,0.0344728697964065,0.048751999999999907,2,11-2021|11-2022
1222,2,1.294038,1.294038,1.293689,1.294387,0.000493560533268115,0.0006979999999998654,2,11-2011|11-2031
1223,2,1.08245825,1.08245825,0.8370105,1.327906,0.34711553690396085,0.49089550000000004,2,11-9041|11-9121
1311,1,-0.1443684,-0.1443684,-0.1443684,-0.1443684,0.0,0.0,0,11-9013
1312,1,-0.1443684,-0.1443684,-0.1443684,-0.1443684,0.0,0.0,0,11-9013
1321,1,0.5086878,0.5086878,0.5086878,0.5086878,0.0,0.0,0,11-3051
1322,1,0.9646872,0.9646872,0.9646872,0.9646872,0.0,0.0,0,11-9199
1323,1,1.029139,1.029139,1.029139,1.029139,0.0,0.0,0,11-9021
1324,1,0.8907923,0.8907923,0.8907923,0.8907923,0.0,0.0,0,11-3071
1330,1,1.059853,1.059853,1.059853,1.059853,0.0,0.0,0,11-3021
1341,1,0.838007,0.838007,0.838007,0.838007,0.0,0.0,0,11-9031
1342,1,1.260259,1.260259,1.260259,1.260259,0.0,0.0,0,11-9111
1343,2,0.91756815,0.91756815,0.5748773,1.260259,0.484638047771164,0.6853817,2,11-1021|11-9111
1344,1,1.156153,1.156153,1.156153,1.156153,0.0,0.0,0,11-9151
1345,3,0.9546955,1.048811,0.3541265,1.461149,0.5594801152693007,1.1070225,3,11-9032|11-9033|11-9039
1346,2,1.01055465,1.01055465,0.5748773,1.446232,0.6161408171887697,0.8713546999999999,2,11-1021|11-3031
1349,1,0.9646872,0.9646872,0.9646872,0.9646872,0.0,0.0,0,11-9199
1411,1,0.4021726,0.4021726,0.4021726,0.4021726,0.0,0.0,0,11-9081
1412,1,-0.1213112,-0.1213112,-0.1213112,-0.1213112,0.0,0.0,0,11-9051
1420,1,0.5748773,0.5748773,0.5748773,0.5748773,0.0,0.0,0,11-1021
1431,2,0.89730395,0.89730395,0.8299207,0.9646872,0.09529430602677687,0.1347665,2,11-9071|11-9199
1439,1,0.9646872,0.9646872,0.9646872,0.9646872,0.0,0.0,0,11-9199
2111,2,1.3597365,1.3597365,1.345736,1.373737,0.019799696980004475,0.028000999999999943,2,19-2011|19-2012
2112,1,1.373917,1.373917,1.373917,1.373917,0.0,0.0,0,19-2021
2113,2,0.76694105,0.76694105,0.5011251,1.032757,0.37592052158508843,0.5316318999999999,2,19-2031|19-2032
2114,2,0.6774276,0.6774276,0.6405071,0.7143481,0.05221347182959589,0.07384100000000005,2,19-2042|19-2043
2120,5,1.4396134,1.42653,1.382724,1.516474,0.05466357245735042,0.13375000000000004,5,15-2011|15-2021|15-2031|15-2041|19-3022
2131,9,0.9014893333333333,0.9060509,0.3175953,1.436287,0.34059255842784497,1.1186917,9,19-1011|19-1012|19-1013|19-1021|19-1022|19-1023|19-1029|19-1041|19-1042
2132,3,0.4360305666666666,0.6320696,-0.184381,0.8604031,0.5492876576493444,1.0447841,3,19-1013|19-1032|25-9021
2133,2,0.54157215,0.54157215,0.0690313,1.014113,0.6682736788453103,0.9450817,2,19-1031|19-2041
2141,1,1.13787,1.13787,1.13787,1.13787,0.0,0.0,0,17-2112
2142,1,1.282867,1.282867,1.282867,1.282867,0.0,0.0,0,17-2051
2143,1,1.343561,1.343561,1.343561,1.343561,0.0,0.0,0,17-2081
2144,4,0.957906975,0.9728363,0.5472173,1.338738,0.3246412308249665,0.7915207,4,17-2011|17-2021|17-2121|17-2141
2145,1,1.341336,1.341336,1.341336,1.341336,0.0,0.0,0,17-2041
2146,4,1.166191,1.1425285,1.032757,1.34695,0.15679457021848692,0.31419300000000017,4,17-2131|17-2151|17-2171|19-2032
2149,5,1.02203408,0.9948935,0.787566,1.303009,0.18445123945587086,0.5154430000000001,5,17-2031|17-2111|17-2131|17-2161|17-2199
2151,1,1.126725,1.126725,1.126725,1.126725,0.0,0.0,0,17-2071
2152,2,0.9036349,0.9036349,0.6654578,1.141812,0.33683328506669297,0.47635420000000006,2,17-2061|17-2072
2153,1,0.6654578,0.6654578,0.6654578,0.6654578,0.0,0.0,0,17-2072
2161,1,1.047142,1.047142,1.047142,1.047142,0.0,0.0,0,17-1011
2162,1,1.034388,1.034388,1.034388,1.034388,0.0,0.0,0,17-1012
2163,2,0.7235964500000001,0.7235964500000001,0.5801539,0.867039,0.2028583996313808,0.2868851,2,27-1021|27-1022
2164,1,1.227516,1.227516,1.227516,1.227516,0.0,0.0,0,19-3051
2165,2,0.48152925,0.48152925,0.1460606,0.8169979,0.47442431458099305,0.6709373000000001,2,17-1021|17-1022
2166,2,0.71078045,0.71078045,0.7058651,0.7156958,0.006951354633810572,0.00983069999999997,2,27-1014|27-1024
2211,4,0.978212075,1.039046,0.7086123,1.126144,0.18445491161624253,0.41753170000000006,4,29-1062|29-1063|29-1065|29-1069
2212,5,0.49084064000000005,0.2803215,-0.0504534,1.280753,0.5182117002702882,1.3312064000000001,5,29-1061|29-1064|29-1066|29-1067|29-1069
2221,3,0.22026199999999999,0.2294097,0.1900572,0.2413191,0.026827335114953176,0.0512619,3,29-1141|29-1151|29-1171
2222,1,0.1966265,0.1966265,0.1966265,0.1966265,0.0,0.0,0,29-1161
2230,1,0.7109566,0.7109566,0.7109566,0.7109566,0.0,0.0,0,29-1199
2240,1,0.1059147,0.1059147,0.1059147,0.1059147,0.0,0.0,0,29-1071
2250,1,-0.0749958,-0.0749958,-0.0749958,-0.0749958,0.0,0.0,0,29-1131
2261,4,-0.103693525,-0.1687352,-0.2389668,0.1616631,0.18026933492808986,0.4006299,4,29-1021|29-1022|29-1023|29-1024
2262,1,0.6058705,0.6058705,0.6058705,0.6058705,0.0,0.0,0,29-1051
2263,2,0.76329755,0.76329755,0.691658,0.8349371,0.10131362321230546,0.1432791,2,21-1091|29-9011
2264,2,-0.19569115,-0.19569115,-0.3581922,-0.0331901,0.22981118880986845,0.3250021,2,29-1123|29-1128
2265,1,1.342809,1.342809,1.342809,1.342809,0.0,0.0,0,29-1031
2266,2,0.88958665,0.88958665,0.6329063,1.146267,0.3630008321646728,0.5133606999999999,2,29-1127|29-1181
2267,1,0.5040194,0.5040194,0.5040194,0.5040194,0.0,0.0,0,29-1041
2269,6,0.5015898,0.4234647,-0.1911757,1.527667,0.6036107224862924,1.7188427000000002,6,29-1011|29-1081|29-1122|29-1125|29-1199|29-9092
2310,35,1.2398400742857143,1.321694,0.5170682,1.43749,0.20655358466579896,0.9204218,35,25-1011|25-1021|25-1022|25-1031|25-1032|25-1041|25-1042|25-1043|25-1051|25-1052|25-1053|25-1054|25-1061|25-1062|25-1063|25-1064|25-1065|25-1066|25-1067|25-1071|25-1072|25-1081|25-1082|25-1111|25-1112|25-1113|25-1121|25-1122|25-1123|25-1124|25-1125|25-1126|25-1191|25-1192|25-1193
2320,3,0.35186270000000003,0.3734505,0.1622185,0.5199191,0.17982478872980776,0.3577006,3,25-1194|25-2023|25-2032
2330,1,1.191325,1.191325,1.191325,1.191325,0.0,0.0,0,25-2031
2341,2,1.0866970500000002,1.0866970500000002,0.8869491,1.286445,0.2824862599462229,0.3994959,2,25-2021|25-2022
2342,2,0.19752095,0.19752095,0.0306372,0.3644047,0.23600926258968102,0.33376750000000005,2,25-2011|25-2012
2351,1,1.301855,1.301855,1.301855,1.301855,0.0,0.0,0,25-9031
2352,5,0.5404701199999999,0.7357486,-0.6632917,1.296072,0.7517384787071612,1.9593637,5,25-2051|25-2052|25-2053|25-2054|25-2059
2353,3,1.0668776666666666,1.32533,0.526352,1.348951,0.4682579258852254,0.822599,3,25-3011|25-3021|25-3099
2354,1,0.526352,0.526352,0.526352,0.526352,0.0,0.0,0,25-3021
2355,2,0.9258409999999999,0.9258409999999999,0.526352,1.32533,0.5649627618188652,0.7989779999999999,2,25-3021|25-3099
2356,1,1.198409,1.198409,1.198409,1.198409,0.0,0.0,0,13-1151
2359,2,1.1496293499999999,1.1496293499999999,0.9739287,1.32533,0.24847824214776829,0.3514012999999999,2,21-1012|25-3099
2411,3,1.4262179999999998,1.481956,1.29371,1.502988,0.1152361219583513,0.20927800000000008,3,13-2011|13-2031|13-2082
2412,2,1.390682,1.390682,1.380615,1.400749,0.014236887932410016,0.020134000000000096,2,13-2051|13-2052
2413,3,1.4173156666666664,1.380615,1.345268,1.526064,0.09582276662846545,0.18079600000000018,3,13-2041|13-2051|13-2061
2421,2,1.3648600000000002,1.3648600000000002,1.297303,1.432417,0.09554002563323916,0.13511399999999996,2,13-1081|13-1111
2422,1,1.047687,1.047687,1.047687,1.047687,0.0,0.0,0,13-1199
2423,4,1.277449425,1.347442,0.9739287,1.440985,0.20735200283042643,0.4670563,4,13-1071|13-1075|13-1141|21-1012
2424,1,1.198409,1.198409,1.198409,1.198409,0.0,0.0,0,13-1151
2431,2,1.2073422,1.2073422,0.9879274,1.426757,0.3102993859453802,0.43882960000000004,2,13-1161|27-3043
2432,1,1.284927,1.284927,1.284927,1.284927,0.0,0.0,0,27-3031
2433,2,1.1036967500000001,1.1036967500000001,0.8911985,1.316195,0.30051790713054854,0.4249965,2,41-1012|41-4011
2434,3,1.1176031666666668,1.145416,0.8911985,1.316195,0.2138589991713777,0.4249965,3,41-1012|41-4011|41-9031
2511,2,1.1762095000000001,1.1762095000000001,1.154269,1.19815,0.031028552665246935,0.04388100000000006,2,15-1111|15-1121
2512,2,1.2421155,1.2421155,1.200923,1.283308,0.058254992168053674,0.08238499999999993,2,15-1132|15-1133
2513,1,1.089463,1.089463,1.089463,1.089463,0.0,0.0,0,15-1134
2514,1,1.271506,1.271506,1.271506,1.271506,0.0,0.0,0,15-1131
2519,1,1.232705,1.232705,1.232705,1.232705,0.0,0.0,0,15-1199
2521,1,1.284863,1.284863,1.284863,1.284863,0.0,0.0,0,15-1141
2522,1,0.7895315,0.7895315,0.7895315,0.7895315,0.0,0.0,0,15-1142
2523,1,0.5803306,0.5803306,0.5803306,0.5803306,0.0,0.0,0,15-1143
2529,2,1.2414255,1.2414255,1.232705,1.250146,0.012332649370674603,0.01744100000000004,2,15-1122|15-1199
2611,1,1.328783,1.328783,1.328783,1.328783,0.0,0.0,0,23-1011
2612,2,1.435604,1.435604,1.374714,1.496494,0.08611146381289776,0.12178,2,23-1021|23-1023
2619,1,1.431593,1.431593,1.431593,1.431593,0.0,0.0,0,23-1022
2621,2,0.7066129999999999,0.7066129999999999,0.6765602,0.7366658,0.04250107734728622,0.06010560000000009,2,25-4011|25-4012
2622,2,0.7439546,0.7439546,0.4508702,1.037039,0.4144839333999812,0.5861688,2,25-4021|25-9011
2631,1,1.403764,1.403764,1.403764,1.403764,0.0,0.0,0,19-3011
2632,3,1.1813298333333335,1.411125,0.6965665,1.436298,0.42000599637455577,0.7397315000000001,3,19-3041|19-3091|19-3092
2633,3,1.281944,1.328048,1.098921,1.418863,0.1648784550904089,0.31994199999999995,3,19-3093|19-3094|19-3099
2634,3,1.4162299999999999,1.402475,1.389854,1.456361,0.035322730372948294,0.0665070000000001,3,19-3031|19-3032|19-3039
2635,8,0.9499703374999999,0.9824029,0.5025014,1.367434,0.3322737857036012,0.8649326,8,21-1011|21-1013|21-1014|21-1015|21-1021|21-1022|21-1023|21-1092
2636,2,1.2467405,1.2467405,1.210922,1.282559,0.05065500848386067,0.07163699999999995,2,21-2011|21-2021
2641,3,1.1000498,1.128221,0.9879274,1.184001,0.1010268604694811,0.19607360000000007,3,27-3041|27-3042|27-3043
2642,2,1.1574499999999999,1.1574499999999999,1.128221,1.186679,0.04133604821460328,0.05845800000000012,2,27-3022|27-3041
2643,2,1.2196835,1.2196835,1.111319,1.328048,0.1532505455797792,0.21672899999999995,2,19-3099|27-3091
2651,2,-0.7492891,-0.7492891,-0.9295284,-0.5690498,0.254896862532633,0.3604786,2,27-1012|27-1013
2652,2,0.43947915000000004,0.43947915000000004,-0.0040058,0.8829641,0.627182430998354,0.8869699,2,27-2041|27-2042
2653,2,-2.1227635,-2.1227635,-2.669758,-1.575769,0.7735670404434899,1.0939889999999999,2,27-2031|27-2032
2654,3,0.9823426,0.985707,0.9388108,1.02251,0.04195090476592851,0.08369920000000008,3,27-1011|27-2012|27-4032
2655,1,0.1590935,0.1590935,0.1590935,0.1590935,0.0,0.0,0,27-2011
2656,3,0.8926460666666666,0.8493547,0.6650665,1.163517,0.2520294269692794,0.4984504999999999,3,27-3011|27-3012|27-3021
3111,3,0.19872533333333334,0.0832659,0.0628057,0.4501044,0.21794088949681592,0.3872987,3,19-4031|19-4041|19-4099
3112,5,0.15467016,0.0852324,-0.593021,0.9323219,0.5464204601649475,1.5253429,5,17-3022|17-3031|33-1021|33-2021|47-4011
3113,2,0.023737249999999988,0.023737249999999988,-0.3040507,0.3515252,0.46356216447247395,0.6555759,2,17-3023|17-3024
3114,1,0.3515252,0.3515252,0.3515252,0.3515252,0.0,0.0,0,17-3023
3115,4,0.04044515,0.037445549999999994,-0.3040507,0.3909402,0.3112559615879777,0.6949909000000001,4,17-3021|17-3024|17-3027|17-3029
3116,1,0.1941278,0.1941278,0.1941278,0.1941278,0.0,0.0,0,17-3029
3117,2,0.13869684999999998,0.13869684999999998,0.0832659,0.1941278,0.0783912012652249,0.11086189999999999,2,17-3029|19-4041
3118,4,0.52637895,0.87558655,-0.5690498,0.9233925,0.7311787920270231,1.4924423,4,17-3011|17-3012|17-3013|27-1013
3119,10,0.13633781,0.18190105,-0.593021,0.6106679,0.3459138660955722,1.2036889,10,17-3025|17-3026|17-3029|19-4051|19-4092|19-4099|33-1021|33-2021|33-2022|53-6041
3121,1,-0.3054048,-0.3054048,-0.3054048,-0.3054048,0.0,0.0,0,47-1011
3122,1,-0.0845282,-0.0845282,-0.0845282,-0.0845282,0.0,0.0,0,51-1011
3123,1,-0.3054048,-0.3054048,-0.3054048,-0.3054048,0.0,0.0,0,47-1011
3131,4,0.20973637500000003,0.20834660000000002,-0.3482779,0.7705302,0.5155659689962373,1.1188081,4,51-1011|51-8011|51-8012|51-8013
3132,4,-0.5105173999999999,-0.55762435,-0.8422927,-0.0845282,0.3272836493192513,0.7577645,4,51-1011|51-8031|51-8099|53-7072
3133,1,-0.3831282,-0.3831282,-0.3831282,-0.3831282,0.0,0.0,0,51-8091
3134,4,-0.550384025,-0.5305176,-0.8422927,-0.2982082,0.2589088377636471,0.5440845000000001,4,51-8092|51-8093|53-7071|53-7072
3135,1,-1.167465,-1.167465,-1.167465,-1.167465,0.0,0.0,0,51-4051
3139,1,-0.0241824,-0.0241824,-0.0241824,-0.0241824,0.0,0.0,0,51-4012
3141,2,0.15909035,0.15909035,0.0169452,0.3012355,0.20102359895555794,0.2842903,2,19-4021|19-4091
3142,1,0.095719,0.095719,0.095719,0.095719,0.0,0.0,0,19-4011
3143,1,-0.6672396,-0.6672396,-0.6672396,-0.6672396,0.0,0.0,0,19-4093
3151,2,-0.1899353,-0.1899353,-0.5264951,0.1466245,0.47596743370957634,0.6731195999999999,2,53-1031|53-5031
3152,2,-0.14078115,-0.14078115,-0.4281868,0.1466245,0.40645296813265486,0.5748112999999999,2,53-1031|53-5021
3153,3,-0.08072376666666668,-0.1817332,-0.2070626,0.1466245,0.19729627567022986,0.35368710000000003,3,53-1031|53-2011|53-2012
3154,2,0.64971125,0.64971125,0.1466245,1.152798,0.7114721049002026,1.0061735,2,53-1031|53-2021
3155,1,0.3515252,0.3515252,0.3515252,0.3515252,0.0,0.0,0,17-3023
3211,5,-0.20522642000000002,-0.2189393,-0.5559037,0.0855276,0.2391170316064646,0.6414313,5,29-1124|29-2032|29-2033|29-2034|29-2035
3212,2,0.07723760000000002,0.07723760000000002,-0.1273315,0.2818067,0.2893043956624579,0.4091382,2,29-2011|29-2012
3213,1,0.0070256,0.0070256,0.0070256,0.0070256,0.0,0.0,0,29-2052
3214,4,0.034459775,0.0339488,-0.4949538,0.5648953,0.4335013651026901,1.0598491,4,29-2091|29-2092|51-9081|51-9082
3221,1,-0.5137373,-0.5137373,-0.5137373,-0.5137373,0.0,0.0,0,29-2061
3222,1,0.2295568,0.2295568,0.2295568,0.2295568,0.0,0.0,0,29-9099
3230,1,0.2295568,0.2295568,0.2295568,0.2295568,0.0,0.0,0,29-9099
3240,2,-0.56795015,-0.56795015,-0.7735824,-0.3623179,0.29080791681129486,0.4112645,2,29-2056|31-9096
3251,2,-0.47169194999999997,-0.47169194999999997,-0.5268759,-0.416508,0.07804189051531873,0.11036789999999996,2,29-2021|31-9091
3252,1,0.5738765,0.5738765,0.5738765,0.5738765,0.0,0.0,0,29-2071
3253,1,0.0371229,0.0371229,0.0371229,0.0371229,0.0,0.0,0,21-1094
3254,1,0.1013966,0.1013966,0.1013966,0.1013966,0.0,0.0,0,29-2081
3255,3,-0.41004330000000005,-0.5308535,-1.410233,0.7109566,1.0657427729546516,2.1211896,3,29-1199|31-2021|31-9011
3256,2,0.11426285,0.11426285,0.078734,0.1497917,0.05024538152551934,0.0710577,2,29-2057|31-9092
3257,4,0.13325944999999997,0.1585556,-0.18376,0.3996866,0.2401730283493479,0.5834466,4,29-9012|45-2011|53-1031|53-6051
3258,1,-0.6863446,-0.6863446,-0.6863446,-0.6863446,0.0,0.0,0,29-2041
3259,10,-0.14181405,-0.15703945,-0.4830476,0.2295568,0.21391349587366823,0.7126044,10,29-1126|29-2031|29-2051|29-2053|29-2054|29-2055|29-2099|29-9099|31-2011|31-9099
3311,2,1.2862464999999998,1.2862464999999998,1.256298,1.316195,0.0423535748727307,0.05989700000000009,2,41-1012|41-3031
3312,2,1.38556,1.38556,1.385381,1.385739,0.0002531442276648409,0.0003580000000000805,2,13-2071|13-2072
3313,1,1.039749,1.039749,1.039749,1.039749,0.0,0.0,0,43-3031
3314,3,1.1168657666666666,1.204652,0.7559803,1.389965,0.325981544003128,0.6339846999999998,3,15-2091|19-4061|43-9111
3315,3,0.9262799333333334,0.8413203,0.6634955,1.274024,0.3140061572647316,0.6105285,3,13-1031|13-1032|13-2021
3321,3,1.3280349999999999,1.326652,1.316195,1.341258,0.012588606316824784,0.025063000000000057,3,13-2053|41-1012|41-3021
3322,4,1.0831339,1.0969362500000002,0.8224681,1.316195,0.26286954236149157,0.49372689999999997,4,41-1012|41-3099|41-4011|41-4012
3323,3,1.0322373999999999,0.8188258,0.7687054,1.509181,0.4138047991623104,0.7404756000000001,3,13-1021|13-1022|13-1023
3324,3,1.3259693333333333,1.316195,1.256298,1.405415,0.07503747807818001,0.14911700000000017,3,41-1012|41-3031|43-5011
3331,2,0.32954685000000006,0.32954685000000006,-0.7463213,1.405415,1.5215073290552514,2.1517363,2,43-5011|43-5071
3332,1,0.3740207,0.3740207,0.3740207,0.3740207,0.0,0.0,0,13-1121
3333,2,0.46232375,0.46232375,-0.4354025,1.36005,1.2695766380483398,1.7954525000000001,2,13-1071|13-1074
3334,4,1.136554125,1.1825385,0.8649445,1.316195,0.1935897625256283,0.4512505,4,11-9141|41-1012|41-9021|41-9022
3339,7,1.208236857142857,1.162588,1.047687,1.367669,0.13751473600967104,0.319982,7,13-1011|13-1051|13-1199|13-2099|41-1012|41-3011|41-3041
3341,1,1.038688,1.038688,1.038688,1.038688,0.0,0.0,0,43-1011
3342,1,1.014541,1.014541,1.014541,1.014541,0.0,0.0,0,43-6012
3343,2,0.9574445,0.9574445,0.835246,1.079643,0.17281477600164855,0.24439699999999986,2,23-2091|43-6011
3344,2,1.140286,1.140286,1.06259,1.217982,0.10987873694213997,0.15539199999999997,2,31-9094|43-6013
3351,3,-0.05410719999999999,-0.1923298,-0.6681123,0.6981205,0.693525148290983,1.3662328000000001,3,13-1041|33-1012|33-3051
3352,1,1.36682,1.36682,1.36682,1.36682,0.0,0.0,0,13-2081
3353,2,0.96220325,0.96220325,0.6981205,1.226286,0.3734694066387834,0.5281655,2,13-1041|43-4061
3354,2,0.9321937499999999,0.9321937499999999,0.6981205,1.166267,0.331029564738748,0.4681464999999999,2,13-1041|43-4031
3355,2,0.016719899999999996,0.016719899999999996,-0.1923298,0.2257696,0.2956409209500268,0.4180994,2,33-1012|33-3021
3359,1,0.1704867,0.1704867,0.1704867,0.1704867,0.0,0.0,0,45-2011
3411,6,0.8335613000000001,1.0141324,-0.5103183,1.462973,0.7252561394321706,1.9732913,6,23-1012|23-2011|23-2093|33-3011|33-9021|33-9031
3412,1,0.4652255,0.4652255,0.4652255,0.4652255,0.0,0.0,0,21-1093
3421,1,-1.814336,-1.814336,-1.814336,-1.814336,0.0,0.0,0,27-2021
3422,3,0.20355236666666668,0.1168668,-0.0325617,0.526352,0.2893646861888357,0.5589137000000001,3,25-3021|27-2022|27-2023
3423,4,-0.3716062,0.04958560000000001,-2.111948,0.526352,1.221995895359743,2.6383,4,25-3021|29-9091|39-1021|39-9031
3431,1,-0.1680973,-0.1680973,-0.1680973,-0.1680973,0.0,0.0,0,27-4021
3432,3,0.0227782333333333,-0.0519323,-1.001413,1.12168,1.063516440637127,2.123093,3,27-1025|27-1026|27-1027
3433,3,-0.3275913666666667,-0.0912107,-0.9295284,0.037965,0.5252787207199844,0.9674934000000001,3,25-4013|25-4031|27-1012
3434,2,-0.26259625,-0.26259625,-0.2676433,-0.2575492,0.007137606559975126,0.010094099999999995,2,35-1011|35-1012
3435,1,-0.4533608,-0.4533608,-0.4533608,-0.4533608,0.0,0.0,1,39-3092
3511,1,0.7040519,0.7040519,0.7040519,0.7040519,0.0,0.0,0,43-9011
3512,1,0.299343,0.299343,0.299343,0.299343,0.0,0.0,0,15-1151
3513,1,0.7860606,0.7860606,0.7860606,0.7860606,0.0,0.0,0,15-1152
3514,2,0.9394972500000001,0.9394972500000001,0.7895315,1.089463,0.212083597541453,0.2999315,2,15-1134|15-1142
3521,5,0.2122243,0.1222249,-0.4470009,0.926126,0.5171452391250692,1.3731269,5,27-4011|27-4012|27-4013|27-4014|27-4031
3522,1,0.3515252,0.3515252,0.3515252,0.3515252,0.0,0.0,0,17-3023
4110,2,1.2383682999999999,1.2383682999999999,0.9888986,1.487838,0.3528034331411473,0.49893940000000003,2,43-3061|43-9061
4120,1,1.099056,1.099056,1.099056,1.099056,0.0,0.0,0,43-6014
4131,1,0.6219606,0.6219606,0.6219606,0.6219606,0.0,0.0,0,43-9022
4132,1,0.3108081,0.3108081,0.3108081,0.3108081,0.0,0.0,0,43-9021
4211,2,-0.022963700000000004,-0.022963700000000004,-0.5186997,0.4727723,0.7010765745565886,0.9914719999999999,2,43-3071|43-5051
4212,5,0.38393940000000004,0.4026518,-0.1370162,1.128203,0.4839545282901484,1.2652192,5,39-1011|39-1012|39-3011|39-3012|43-3041
4214,2,1.257279,1.257279,1.242567,1.271991,0.020805909929633055,0.029424000000000117,2,13-1131|43-3011
4221,3,0.8923683333333333,1.133598,0.227312,1.316195,0.5831469463028451,1.088883,3,41-1012|41-3041|43-4181
4222,2,0.98471895,0.98471895,0.9562519,1.013186,0.04025848819075293,0.056934099999999876,2,43-4051|43-4171
4223,2,1.0014882,1.0014882,0.9832644,1.019712,0.02577234511797475,0.03644759999999991,2,43-2011|43-2021
4224,2,0.73107235,0.73107235,0.6063127,0.855832,0.1764367890669205,0.2495193,2,39-6012|43-4081
4225,2,1.081472,1.081472,1.013186,1.149758,0.09657098732020927,0.13657200000000014,2,43-4021|43-4171
4226,1,1.013186,1.013186,1.013186,1.013186,0.0,0.0,0,43-4171
4227,1,1.297031,1.297031,1.297031,1.297031,0.0,0.0,0,43-4111
4229,1,1.226286,1.226286,1.226286,1.226286,0.0,0.0,1,43-4061
4311,2,1.1866020000000002,1.1866020000000002,1.039749,1.333455,0.20768150427517615,0.293706,2,43-3021|43-3031
4312,5,1.2729534,1.240201,1.144877,1.440296,0.12593317306929103,0.2954190000000001,5,43-4011|43-4041|43-4131|43-4141|43-9041
4313,1,1.257632,1.257632,1.257632,1.257632,0.0,0.0,0,43-3051
4321,3,-0.5738983333333333,-0.7463213,-0.7892948,-0.1860789,0.33654808732007874,0.6032158999999999,3,43-5071|43-5081|43-5111
4322,1,0.6999103,0.6999103,0.6999103,0.6999103,0.0,0.0,0,43-5061
4323,1,1.234523,1.234523,1.234523,1.234523,0.0,0.0,0,43-5032
4411,2,0.12092844999999999,0.12092844999999999,0.037965,0.2038919,0.11732803617126214,0.1659269,2,25-4031|43-4121
4412,5,-0.9091991800000001,-0.9591126,-1.185001,-0.5186997,0.25664431961921935,0.6663013,5,43-5021|43-5051|43-5052|43-5053|43-9051
4413,1,1.288375,1.288375,1.288375,1.288375,0.0,0.0,0,43-9081
4414,2,-0.07173494999999999,-0.07173494999999999,-0.5737774,0.4303075,0.7099952416770164,1.0040849,2,39-1021|39-9021
4415,2,-0.11658304999999997,-0.11658304999999997,-0.5171404,0.2839743,0.5664736368782266,0.8011147,2,43-4071|43-9071
4416,1,1.353098,1.353098,1.353098,1.353098,0.0,0.0,0,43-4161
4419,2,0.9943220500000001,0.9943220500000001,0.8388861,1.149758,0.21981962857034634,0.3108719000000001,2,43-4021|43-4151
5111,3,-0.3302395666666667,-0.3752249,-0.7621183,0.1466245,0.4560385173417848,0.9087428,3,53-1031|53-2031|53-6061
5112,2,-0.11430019999999999,-0.11430019999999999,-0.3752249,0.1466245,0.3690032494981311,0.5218494,2,53-1031|53-6061
5113,3,0.4652621333333333,0.4303075,0.357096,0.6083829,0.12923871835291204,0.2512868999999999,3,39-1021|39-7011|39-7012
5120,5,-0.6031166,-0.6360813,-0.7867444,-0.2575492,0.20830137134434568,0.5291952,5,35-1012|35-2012|35-2013|35-2014|35-2015
5131,2,-0.83756045,-0.83756045,-0.9481003,-0.7270206,0.15632695505268757,0.2210797,2,35-3031|35-3041
5132,1,-0.6159883,-0.6159883,-0.6159883,-0.6159883,0.0,0.0,0,35-3011
5141,3,-0.3272021,-0.6824517,-0.7294621,0.4303075,0.6564435162267657,1.1597696,3,39-1021|39-5011|39-5012
5142,6,-0.3077427,-0.3612267,-0.905371,0.4303075,0.48658415100427593,1.3356785,6,39-1021|39-5012|39-5091|39-5092|39-5093|39-5094
5151,1,-0.5854128,-0.5854128,-0.5854128,-0.5854128,0.0,0.0,0,37-1011
5152,1,-0.5854128,-0.5854128,-0.5854128,-0.5854128,0.0,0.0,1,37-1011
5153,1,-1.436201,-1.436201,-1.436201,-1.436201,0.0,0.0,0,37-2011
5162,2,-0.07173494999999999,-0.07173494999999999,-0.5737774,0.4303075,0.7099952416770164,1.0040849,2,39-1021|39-9021
5163,3,-0.48868739999999994,-0.5445412,-0.7311451,-0.1903759,0.2746772053665721,0.5407692,3,39-4011|39-4021|39-4031
5164,4,-0.5372728999999999,-0.8313116,-0.9167759,0.4303075,0.6480270551794938,1.3470834,4,31-9096|39-1021|39-2011|39-2021
5165,1,0.526352,0.526352,0.526352,0.526352,0.0,0.0,0,25-3021
5169,4,0.151064075,0.18687990000000002,-0.2441154,0.4746119,0.35680505977722504,0.7187273,4,35-9031|39-1021|39-9032|39-9041
5211,1,1.107101,1.107101,1.107101,1.107101,0.0,0.0,0,41-9091
5212,2,0.19004019999999994,0.19004019999999994,-0.7270206,1.107101,1.2969198208807204,1.8341216,2,35-3041|41-9091
5221,1,0.5748773,0.5748773,0.5748773,0.5748773,0.0,0.0,0,11-1021
5222,1,0.0191826,0.0191826,0.0191826,0.0191826,0.0,0.0,0,41-1011
5223,2,-0.015591999999999995,-0.015591999999999995,-0.1184909,0.0873069,0.14552101993327288,0.2057978,2,41-2022|41-2031
5230,2,-0.14909065,-0.14909065,-0.2480887,-0.0500926,0.14000438495848977,0.1979961,2,41-2011|41-2012
5241,1,-1.122021,-1.122021,-1.122021,-1.122021,0.0,0.0,0,41-9012
5242,1,0.1235652,0.1235652,0.1235652,0.1235652,0.0,0.0,0,41-9011
5243,1,1.107101,1.107101,1.107101,1.107101,0.0,0.0,0,41-9091
5244,1,1.118129,1.118129,1.118129,1.118129,0.0,0.0,0,41-9041
5245,2,-0.5374322500000001,-0.5374322500000001,-1.221489,0.1466245,0.9674023332828617,1.3681135,2,53-1031|53-6031
5246,3,-0.9809000666666666,-0.5305266,-1.927078,-0.4850956,0.8197289217085446,1.4419824,3,35-3021|35-3022|35-9011
5249,1,0.0784367,0.0784367,0.0784367,0.0784367,0.0,0.0,1,41-2021
5311,2,0.023414049999999992,0.023414049999999992,-0.3834794,0.4303075,0.5754342354307788,0.8137869,2,39-1021|39-9011
5312,1,0.4516636,0.4516636,0.4516636,0.4516636,0.0,0.0,0,25-9041
5321,2,-0.7002931,-0.7002931,-0.9040212,-0.496565,0.2881150420565021,0.4074562,2,31-1013|31-1014
5322,3,-0.26280396666666667,-0.5737774,-0.644942,0.4303075,0.601305853116285,1.0752495,3,31-1011|39-1021|39-9021
5329,8,-0.6074795749999999,-0.6288703499999999,-1.679232,0.1660077,0.5586837544134037,1.8452397,8,31-1015|31-2012|31-2022|31-9091|31-9093|31-9095|31-9097|31-9099
5411,2,-0.9566265,-0.9566265,-1.320232,-0.593021,0.5142158294534505,0.727211,2,33-1021|33-2011
5412,3,-0.5603311999999999,-0.6681123,-0.8205515,-0.1923298,0.3276861306580277,0.6282217,3,33-1012|33-3051|33-3052
5413,2,-0.72298215,-0.72298215,-0.8875365,-0.5584278,0.23271499351748906,0.3291086999999999,2,33-1011|33-3012
5414,3,-0.05643486666666666,-0.3908421,-0.5068558,0.7283933,0.6821519134635212,1.2352490999999999,3,33-9031|33-9032|33-9093
5419,7,-0.2478682285714286,-0.4718385,-0.6239931,0.9074452,0.5627155424262236,1.5314383,7,33-3031|33-3041|33-9011|33-9091|33-9092|33-9099|43-5031
6111,2,-0.81217015,-0.81217015,-1.145156,-0.4791843,0.4709131051483331,0.6659717,2,45-1011|45-2091
6112,2,-0.81217015,-0.81217015,-1.145156,-0.4791843,0.4709131051483331,0.6659717,2,45-1011|45-2091
6113,3,-1.1423593666666667,-1.145156,-1.727035,-0.5548871,0.5860789543543629,1.1721479000000001,3,37-1012|37-3013|45-2091
6114,2,-0.81217015,-0.81217015,-1.145156,-0.4791843,0.4709131051483331,0.6659717,2,45-1011|45-2091
6121,2,-0.76173815,-0.76173815,-1.044292,-0.4791843,0.39959148677073314,0.5651077,2,45-1011|45-2021
6122,2,-0.76173815,-0.76173815,-1.044292,-0.4791843,0.39959148677073314,0.5651077,2,45-1011|45-2021
6123,2,-0.76173815,-0.76173815,-1.044292,-0.4791843,0.39959148677073314,0.5651077,2,45-1011|45-2021
6129,2,-0.76173815,-0.76173815,-1.044292,-0.4791843,0.39959148677073314,0.5651077,2,45-1011|45-2021
6130,3,-0.8895441000000001,-1.044292,-1.145156,-0.4791843,0.35894255907600314,0.6659717,3,45-1011|45-2021|45-2091
6210,5,-0.9638657600000002,-1.003702,-1.795407,-0.4768305,0.5420413233953782,1.3185765,5,45-1011|45-4011|45-4021|45-4022|45-4023
6221,2,-0.76173815,-0.76173815,-1.044292,-0.4791843,0.39959148677073314,0.5651077,2,45-1011|45-2021
6222,2,-0.99621665,-0.99621665,-1.513249,-0.4791843,0.7311941615556329,1.0340647,2,45-1011|45-3011
6223,2,-0.99621665,-0.99621665,-1.513249,-0.4791843,0.7311941615556329,1.0340647,2,45-1011|45-3011
6224,2,-0.89199065,-0.89199065,-1.304797,-0.4791843,0.5837963388037347,0.8256127,2,45-1011|45-3021
6310,1,-1.601349,-1.601349,-1.601349,-1.601349,0.0,0.0,0,45-2092
6320,1,-1.108432,-1.108432,-1.108432,-1.108432,0.0,0.0,0,45-2093
6330,2,-1.3548905,-1.3548905,-1.601349,-1.108432,0.3485449532621293,0.4929169999999998,2,45-2092|45-2093
6340,2,-1.409023,-1.409023,-1.513249,-1.304797,0.14739782275189828,0.20845200000000008,2,45-3011|45-3021
7111,1,1.029139,1.029139,1.029139,1.029139,0.0,0.0,0,11-9021
7112,2,-1.4959015,-1.4959015,-1.75434,-1.237463,0.36548723173935915,0.516877,2,47-2021|49-9045
7113,2,-1.3487447,-1.3487447,-1.714759,-0.9827304,0.5176223870824946,0.7320285999999999,2,47-2022|47-4091
7114,3,-1.512067466666667,-1.776065,-1.777407,-0.9827304,0.4584198379776483,0.7946766,3,47-2051|47-2053|47-4091
7115,1,-1.323631,-1.323631,-1.323631,-1.323631,0.0,0.0,0,47-2031
7119,5,-1.1643864000000002,-0.9441692,-1.902113,-0.6887439,0.4915045457244673,1.2133691,5,47-2231|47-4031|47-4041|47-4099|49-9095
7121,1,-1.752941,-1.752941,-1.752941,-1.752941,0.0,0.0,0,47-2181
7122,4,-1.45993825,-1.4328005,-1.748722,-1.22543,0.2412420502571018,0.5232920000000001,4,47-2041|47-2042|47-2043|47-2044
7123,3,-1.648111,-1.647971,-1.755588,-1.540774,0.10740706843127217,0.21481399999999984,3,47-2081|47-2082|47-2161
7124,2,-1.4436935000000002,-1.4436935000000002,-1.618772,-1.268615,0.24759838917993796,0.35015700000000005,2,47-2131|47-2132
7125,1,-1.388901,-1.388901,-1.388901,-1.388901,0.0,0.0,0,47-2121
7126,2,-1.1734149999999999,-1.1734149999999999,-1.225611,-1.121219,0.0738162911016261,0.10439200000000004,2,47-2151|47-2152
7127,2,-0.4348143,-0.4348143,-0.8491117,-0.0205169,0.5859050019359111,0.8285948000000001,2,49-1011|49-9021
7131,2,-1.6577600000000001,-1.6577600000000001,-1.72753,-1.58799,0.09866968024677084,0.13954,2,47-2141|47-2142
7132,2,-1.284442,-1.284442,-1.447553,-1.121331,0.2306737883722379,0.326222,2,51-9121|51-9122
7211,2,-1.443244,-1.443244,-1.740349,-1.146139,0.4201699204488583,0.5942099999999999,2,51-4071|51-4072
7212,2,-1.1000035000000001,-1.1000035000000001,-1.197596,-1.002411,0.1380166370858964,0.19518500000000016,2,51-4121|51-4122
7213,3,-0.9982131,-1.097532,-1.174972,-0.7221353,0.24220539246604308,0.45283669999999987,3,47-2011|47-2211|51-4192
7214,3,-1.609123,-1.780065,-1.970997,-1.076307,0.4712042280667695,0.8946900000000002,3,47-2171|47-2221|51-2041
7215,1,-1.221519,-1.221519,-1.221519,-1.221519,0.0,0.0,0,49-9096
7221,1,-0.8046677,-0.8046677,-0.8046677,-0.8046677,0.0,0.0,1,51-4022
7222,6,-0.583198,-0.6676342,-0.8657498,-0.0241824,0.2968020761985603,0.8415674,6,49-9094|51-4012|51-4061|51-4062|51-4111|51-4192
7223,11,-0.9214907181818183,-0.8703219,-1.234352,-0.6737444,0.17433205607991786,0.5606075999999999,11,51-4011|51-4021|51-4022|51-4023|51-4031|51-4032|51-4033|51-4034|51-4035|51-4041|51-4081
7224,2,-1.0137239,-1.0137239,-1.146524,-0.8809238,0.18780770250450332,0.26560020000000006,2,51-4194|51-9022
7231,10,-0.93879196,-0.93955535,-1.550724,-0.0205169,0.3925097595972989,1.5302071,10,49-1011|49-3021|49-3022|49-3023|49-3031|49-3051|49-3052|49-3053|49-3092|49-3093
7232,2,-0.33781829999999996,-0.33781829999999996,-0.6551197,-0.0205169,0.44873194323997034,0.6346028,2,49-1011|49-3011
7233,9,-1.0474146222222225,-1.169815,-1.448102,-0.0205169,0.4120246991832249,1.4275851,9,49-1011|49-3041|49-3042|49-3043|49-9041|49-9043|49-9044|49-9045|49-9081
7234,2,-0.47156184999999995,-0.47156184999999995,-0.9226068,-0.0205169,0.6378738855298945,0.9020899,2,49-1011|49-3091
7311,4,-0.113789525,-0.11645825,-0.2768838,0.0546422,0.15641048344036654,0.331526,4,49-1011|49-9061|49-9062|49-9064
7312,2,-0.275572,-0.275572,-0.5306271,-0.0205169,0.360702381572426,0.5101102000000001,2,49-1011|49-9063
7313,1,-0.1560197,-0.1560197,-0.1560197,-0.1560197,0.0,0.0,0,51-9071
7314,2,-1.0564682,-1.0564682,-1.183408,-0.9295284,0.1795199867649282,0.2538796,2,27-1012|51-9195
7315,3,-1.0926386333333333,-1.146524,-1.183408,-0.9479839,0.1266248446032742,0.23542410000000003,3,51-9022|51-9031|51-9195
7316,2,-0.80504065,-0.80504065,-0.9705587,-0.6395226,0.23407787112754802,0.33103609999999994,2,51-9123|51-9194
7317,1,-0.9295284,-0.9295284,-0.9295284,-0.9295284,0.0,0.0,1,27-1012
7318,1,-0.990912,-0.990912,-0.990912,-0.990912,0.0,0.0,0,51-6041
7319,1,-0.9295284,-0.9295284,-0.9295284,-0.9295284,0.0,0.0,0,27-1012
7321,2,0.3772858,0.3772858,0.3437743,0.4107973,0.04739241779546597,0.067023,2,43-9031|51-5111
7322,1,-0.7093881,-0.7093881,-0.7093881,-0.7093881,0.0,0.0,0,51-5112
7323,1,-0.9062089,-0.9062089,-0.9062089,-0.9062089,0.0,0.0,0,51-5113
7411,2,-0.86192985,-0.86192985,-0.9441692,-0.7796905,0.11630400413074786,0.1644787000000001,2,47-2111|47-2231
7412,13,-0.7606392,-0.8106341,-1.383152,-0.0205169,0.31110560140552224,1.3626350999999999,13,47-4021|49-1011|49-2092|49-2093|49-2094|49-2095|49-2096|49-2098|49-3053|49-9011|49-9012|49-9031|49-9097
7413,2,-0.5509574500000001,-0.5509574500000001,-1.081398,-0.0205169,0.7501562198426439,1.0608811,2,49-1011|49-9051
7421,7,-0.4538065857142856,-0.4632031,-0.8303875,-0.0205169,0.30111796353350967,0.8098706,7,49-1011|49-2011|49-2091|49-2093|49-2094|49-2095|49-2096
7422,7,-0.6197831857142857,-0.6335382,-1.083883,-0.0205169,0.3537583904590694,1.0633660999999999,7,49-1011|49-2011|49-2021|49-2022|49-2093|49-2097|49-9052
7511,4,-1.16753735,-1.0383111999999999,-1.834668,-0.758859,0.46709875304289067,1.075809,4,51-3021|51-3022|51-3023|51-3091
7512,1,-0.3852989,-0.3852989,-0.3852989,-0.3852989,0.0,0.0,0,51-3011
7513,2,-0.65851275,-0.65851275,-0.9379141,-0.3791114,0.39513317851535196,0.5588027,2,51-3092|51-9012
7514,1,-0.5559894,-0.5559894,-0.5559894,-0.5559894,0.0,0.0,1,51-3093
7515,2,-0.6002406499999999,-0.6002406499999999,-1.370968,0.1704867,1.0899730712618751,1.5414547,2,45-2011|45-2041
7516,3,-1.1988423333333333,-1.183408,-1.370968,-1.042151,0.16495095894335782,0.3288169999999999,3,45-2041|51-9041|51-9195
7521,2,-1.1348263,-1.1348263,-1.311418,-0.9582346,0.24973837714252084,0.3531833999999999,2,51-9051|51-9191
7522,4,-1.0777499750000001,-1.127812,-1.327489,-0.7278869,0.25791625191174455,0.5996020999999999,4,51-7011|51-7021|51-7031|51-7032
7523,1,-1.130357,-1.130357,-1.130357,-1.130357,0.0,0.0,0,51-7042
7531,1,-0.4305268,-0.4305268,-0.4305268,-0.4305268,0.0,0.0,0,51-6052
7532,3,-0.6846808333333333,-0.9479839,-1.022949,-0.0831096,0.5223226044650408,0.9398394000000001,3,51-6062|51-6092|51-9031
7533,3,-0.9874909333333332,-0.990912,-1.372839,-0.5987218,0.3870699389087369,0.7741172,3,49-9093|51-6041|51-6051
7534,1,-1.313735,-1.313735,-1.313735,-1.313735,0.0,0.0,0,51-6093
7535,1,-1.370968,-1.370968,-1.370968,-1.370968,0.0,0.0,1,45-2041
7536,1,-0.990912,-0.990912,-0.990912,-0.990912,0.0,0.0,0,51-6041
7541,1,-1.102728,-1.102728,-1.102728,-1.102728,0.0,0.0,0,49-9092
7542,1,-0.773027,-0.773027,-0.773027,-0.773027,0.0,0.0,0,47-5031
7543,1,-0.0293395,-0.0293395,-0.0293395,-0.0293395,0.0,0.0,0,51-9061
7544,3,-0.7217393333333334,-0.7255374,-0.8847935,-0.5548871,0.1649859908387477,0.32990640000000004,3,37-1012|37-2021|37-3012
7549,2,-0.43426055,-0.43426055,-0.5966759,-0.2718452,0.22968999070757307,0.3248307,2,27-1023|51-9083
8111,7,-1.2652588714285715,-1.200425,-1.763494,-0.7018391,0.34623043081087246,1.0616548999999997,7,47-5021|47-5041|47-5042|47-5051|47-5061|53-7032|53-7033
8112,2,-1.0926805000000002,-1.0926805000000002,-1.141885,-1.043476,0.06958567122978694,0.09840899999999997,2,51-9021|51-9192
8113,6,-1.0787772833333336,-1.0315565,-1.518977,-0.7018391,0.33272543839426777,0.8171379,6,47-5011|47-5012|47-5013|47-5021|47-5071|53-7073
8114,4,-0.903165175,-0.93157,-1.079282,-0.6702387,0.1931592198529213,0.4090433000000001,4,51-8099|51-9021|51-9023|51-9032
8121,5,-1.1185306,-1.092486,-1.234352,-1.00914,0.08560592027307455,0.22521199999999997,5,51-4021|51-4023|51-4051|51-4052|51-4191
8122,3,-1.0544012,-1.121331,-1.141885,-0.8999876,0.13412041838482314,0.24189740000000004,3,51-4193|51-9121|51-9192
8131,3,-0.8776143666666667,-0.9379141,-1.183408,-0.511521,0.3399780560158307,0.671887,3,51-9011|51-9012|51-9195
8132,1,-0.3615806,-0.3615806,-0.3615806,-0.3615806,0.0,0.0,0,51-9151
8141,5,-1.16763692,-1.043476,-1.610915,-0.9582346,0.2606511869183258,0.6526804,5,51-9021|51-9041|51-9051|51-9195|51-9197
8142,12,-1.0172957166666665,-1.0519545,-1.234352,-0.7598132,0.15512526751311684,0.4745387999999999,12,51-2091|51-4021|51-4022|51-4023|51-4031|51-4032|51-4033|51-4034|51-4035|51-4072|51-4191|51-4193
8143,2,-1.09273125,-1.09273125,-1.311418,-0.8740445,0.30926976776129445,0.43737349999999997,2,51-9191|51-9196
8151,1,-1.392929,-1.392929,-1.392929,-1.392929,0.0,0.0,0,51-6064
8152,1,-1.241662,-1.241662,-1.241662,-1.241662,0.0,0.0,0,51-6063
8153,1,-0.9639661,-0.9639661,-0.9639661,-0.9639661,0.0,0.0,0,51-6031
8154,1,-0.8609312,-0.8609312,-0.8609312,-0.8609312,0.0,0.0,0,51-6061
8156,1,-1.029855,-1.029855,-1.029855,-1.029855,0.0,0.0,0,51-6042
8157,1,-1.054399,-1.054399,-1.054399,-1.054399,0.0,0.0,0,51-6011
8160,5,-0.7393212,-0.758859,-1.042151,-0.3791114,0.2758474218567939,0.6630396000000001,5,51-3091|51-3092|51-3093|51-9041|51-9193
8171,2,-1.00796475,-1.00796475,-1.141885,-0.8740445,0.18939183382639552,0.26784050000000004,2,51-9192|51-9196
8172,1,-1.165031,-1.165031,-1.165031,-1.165031,0.0,0.0,0,51-7041
8181,6,-0.9844376833333334,-1.0001928,-1.183408,-0.819664,0.13401780906298116,0.36374400000000007,6,51-6091|51-9021|51-9023|51-9041|51-9051|51-9195
8182,1,-0.5032496,-0.5032496,-0.5032496,-0.5032496,0.0,0.0,0,51-8021
8183,1,-0.978608,-0.978608,-0.978608,-0.978608,0.0,0.0,0,51-9111
8189,4,-0.9161469,-0.8579692,-1.311418,-0.6372312,0.2954237979063749,0.6741868,4,51-9141|51-9191|51-9193|53-7011
8211,2,-0.91230795,-0.91230795,-0.9561453,-0.8684706,0.061995374908496194,0.0876747,2,51-2011|51-2031
8212,5,-0.56928044,-0.6248807,-0.8289722,-0.2552991,0.2116419446528098,0.5736731,5,51-2021|51-2022|51-2023|51-2093|51-9194
8219,1,-0.8305441,-0.8305441,-0.8305441,-0.8305441,0.0,0.0,1,51-2092
8311,6,-0.6536364,-0.69330695,-1.351998,0.1466245,0.4897995434106651,1.4986225,6,53-1031|53-4011|53-4012|53-4013|53-4041|53-7111
8312,3,-0.5124318666666666,-0.4662731,-1.217647,0.1466245,0.6833060479998719,1.3642714999999999,3,53-1031|53-4021|53-4031
8321,2,-0.40624404999999997,-0.40624404999999997,-0.9591126,0.1466245,0.7818742016195476,1.1057371,2,43-5021|53-1031
8322,5,-0.63306316,-0.7293087,-1.120501,0.1466245,0.47262707125417397,1.2671255,5,53-1031|53-3011|53-3031|53-3033|53-3041
8331,4,-0.34301899999999996,-0.4515788,-0.6155429,0.1466245,0.3582108468331745,0.7621674,4,53-1031|53-3021|53-3022|53-4041
8332,2,-0.50121625,-0.50121625,-1.149057,0.1466245,0.9161851749079577,1.2956815,2,53-1031|53-3032
8341,2,-1.074429,-1.074429,-1.145156,-1.003702,0.10002308262596188,0.14145399999999997,2,45-2091|45-4022
8342,5,-1.0894519599999999,-1.144356,-1.220009,-0.8815078,0.13935602298037927,0.33850119999999995,5,47-2071|47-2072|47-2073|53-7031|53-7032
8343,5,-0.6038050800000001,-0.6322159,-1.030619,0.1466245,0.47237808064071085,1.1772434999999999,5,39-3091|53-1031|53-6011|53-7021|53-7041
8344,2,-0.62603275,-0.62603275,-1.39869,0.1466245,1.092702362015899,1.5453145,2,53-1031|53-7051
8350,2,-1.0185598,-1.0185598,-1.150001,-0.8871186,0.1858859276945945,0.26288240000000007,2,53-5011|53-5022
9111,1,-1.480657,-1.480657,-1.480657,-1.480657,0.0,0.0,0,37-2012
9112,3,-1.515585,-1.480657,-1.629897,-1.436201,0.10146185978977514,0.19369599999999987,3,37-2011|37-2012|53-7061
9121,1,-1.950063,-1.950063,-1.950063,-1.950063,0.0,0.0,0,51-6021
9122,1,-1.629897,-1.629897,-1.629897,-1.629897,0.0,0.0,0,53-7061
9123,1,-1.436201,-1.436201,-1.436201,-1.436201,0.0,0.0,0,37-2011
9129,1,-1.210591,-1.210591,-1.210591,-1.210591,0.0,0.0,1,47-4071
9211,1,-1.601349,-1.601349,-1.601349,-1.601349,0.0,0.0,1,45-2092
9212,1,-1.108432,-1.108432,-1.108432,-1.108432,0.0,0.0,1,45-2093
9213,2,-1.3548905,-1.3548905,-1.601349,-1.108432,0.3485449532621293,0.4929169999999998,2,45-2092|45-2093
9214,2,-1.712821,-1.712821,-1.824293,-1.601349,0.15764521422485367,0.22294400000000003,2,37-3011|45-2092
9215,1,-1.064205,-1.064205,-1.064205,-1.064205,0.0,0.0,1,45-4011
9216,2,-1.3108405,-1.3108405,-1.513249,-1.108432,0.2862488458395946,0.404817,2,45-2093|45-3011
9311,1,-1.543154,-1.543154,-1.543154,-1.543154,0.0,0.0,1,47-5081
9312,2,-1.339075,-1.339075,-1.39906,-1.27909,0.08483160053895004,0.11996999999999991,2,47-4051|47-4061
9313,7,-1.7313417142857144,-1.678876,-2.04484,-1.425282,0.2342257894210302,0.6195580000000003,7,47-2061|47-3011|47-3012|47-3013|47-3014|47-3015|47-3016
9321,1,-1.51362,-1.51362,-1.51362,-1.51362,0.0,0.0,0,53-7064
9329,4,-1.3622159999999999,-1.351134,-1.709183,-1.037413,0.2789083285155417,0.67177,4,51-9198|51-9199|53-7062|53-7063
9331,1,-0.9591126,-0.9591126,-0.9591126,-0.9591126,0.0,0.0,1,43-5021
9333,4,-0.922525,-1.0484751,-1.709183,0.1160332,0.8081644399228167,1.8252161999999998,4,53-1011|53-1021|53-7062|53-7121
9334,1,-0.7892948,-0.7892948,-0.7892948,-0.7892948,0.0,0.0,0,43-5081
9411,2,-0.6532827,-0.6532827,-0.7131837,-0.5933817,0.08471280659971074,0.11980199999999996,2,35-2011|35-2015
9412,3,-1.630702,-1.738612,-1.927078,-1.226416,0.3625813503698171,0.7006620000000001,3,35-2021|35-9011|35-9021
9520,1,1.107101,1.107101,1.107101,1.107101,0.0,0.0,0,41-9091
9611,2,-0.5683742500000001,-0.5683742500000001,-1.283373,0.1466245,1.01116092932981,1.4299975,2,53-1031|53-7081
9612,1,-1.283373,-1.283373,-1.283373,-1.283373,0.0,0.0,0,53-7081
9621,2,-1.1155637999999999,-1.1155637999999999,-1.272015,-0.9591126,0.2212554088895455,0.3129023999999999,2,39-6011|43-5021
9622,3,-0.9836807,-1.014408,-1.346555,-0.5900791,0.3791728788351957,0.7564759,3,49-9071|49-9098|49-9099
9623,2,-0.8478883500000001,-0.8478883500000001,-0.9723772,-0.7233995,0.17605382003422992,0.24897770000000008,2,43-5041|49-9091
9624,1,-1.709183,-1.709183,-1.709183,-1.709183,0.0,0.0,0,53-7062
9629,5,-0.46523953999999995,-0.3786598,-0.8353891,-0.2420959,0.2303138173896933,0.5932932,5,39-3021|39-3031|39-3091|39-3093|53-6021
